"Season","Correlation_SUN_GSR","Mean_RF","Mean_RH"
"Winter",0.937931602263457,0.95751544269046,70.8733699382292
"Spring",0.941766600802138,4.94663090848139,81.0492792490781
"Summer",0.946280469091632,13.3514126149803,82.0565045992116
"Autumn",0.921898173609988,5.53615071283096,72.9439918533605
